# ************************************************************
# Sequel Pro SQL dump
# Version 4541
#
# http://www.sequelpro.com/
# https://github.com/sequelpro/sequelpro
#
# V雷d: 127.0.0.1 (MySQL 5.5.5-10.1.26-MariaDB)
# Databas: EventApp
# Genereringstid: 2017-10-25 06:33:45 +0000
# ************************************************************


/*!40101 SET @OLD_CHARACTER_SET_CLIENT=@@CHARACTER_SET_CLIENT */;
/*!40101 SET @OLD_CHARACTER_SET_RESULTS=@@CHARACTER_SET_RESULTS */;
/*!40101 SET @OLD_COLLATION_CONNECTION=@@COLLATION_CONNECTION */;
/*!40101 SET NAMES utf8 */;
/*!40014 SET @OLD_FOREIGN_KEY_CHECKS=@@FOREIGN_KEY_CHECKS, FOREIGN_KEY_CHECKS=0 */;
/*!40101 SET @OLD_SQL_MODE=@@SQL_MODE, SQL_MODE='NO_AUTO_VALUE_ON_ZERO' */;
/*!40111 SET @OLD_SQL_NOTES=@@SQL_NOTES, SQL_NOTES=0 */;


# Tabelldump City
# ------------------------------------------------------------

DROP TABLE IF EXISTS `City`;

CREATE TABLE `City` (
  `city_id` int(11) NOT NULL AUTO_INCREMENT,
  `city_name` varchar(50) NOT NULL DEFAULT '',
  `city_state_id` int(11) NOT NULL DEFAULT '0',
  PRIMARY KEY (`city_id`)
) ENGINE=InnoDB DEFAULT CHARSET=latin1 COMMENT='Contains cities';

LOCK TABLES `City` WRITE;
/*!40000 ALTER TABLE `City` DISABLE KEYS */;

INSERT INTO `City` (`city_id`, `city_name`, `city_state_id`)
VALUES
	(2,'Annan ort',1),
	(3,'Asarum',1),
	(4,'Backaryd',1),
	(5,'Br칛kne-hoby',1),
	(6,'Drottningsk칛r',1),
	(7,'Eringsboda',1),
	(8,'F친gelmara',1),
	(9,'Hallabro',1),
	(10,'Hassl칬',1),
	(11,'Holmsj칬',1),
	(12,'Johannishus',1),
	(13,'J칛mj칬',1),
	(14,'J칛msh칬g',1),
	(15,'Kallinge',1),
	(16,'Karlshamn',1),
	(17,'Karlskrona',1),
	(18,'Kyrkhult',1),
	(19,'Listerby',1),
	(20,'Lyckeby',1),
	(21,'M칬rrum',1),
	(22,'N칛ttraby',1),
	(23,'Olofstr칬m',1),
	(24,'Ramdala',1),
	(25,'Ronneby',1),
	(26,'R칬deby',1),
	(27,'Sturk칬',1),
	(28,'Sv칛ngsta',1),
	(29,'S칬lvesborg',1),
	(30,'Torhamn',1),
	(31,'Trensum',1),
	(32,'Tving',1),
	(33,'Vilshult',1),
	(35,'Annan ort',2),
	(36,'Avesta',2),
	(37,'Bjurs친s',2),
	(38,'Bj칬rbo',2),
	(39,'Boda kyrkby',2),
	(40,'Borl칛nge',2),
	(41,'By kyrkby',2),
	(42,'Dala-floda',2),
	(43,'Dala-husby',2),
	(44,'Dala-j칛rna',2),
	(45,'Djura',2),
	(46,'Enviken',2),
	(47,'Falun',2),
	(48,'Fors',2),
	(49,'Fredriksberg',2),
	(50,'Furudal',2),
	(51,'F칛rn칛s',2),
	(52,'Gagnef',2),
	(53,'Garpenberg',2),
	(54,'Gars친s',2),
	(55,'Grang칛rde',2),
	(56,'Grycksbo',2),
	(57,'Gr칛ngesberg',2),
	(58,'Gustafs',2),
	(59,'Hedemora',2),
	(60,'Horndal',2),
	(61,'Idkerberget',2),
	(62,'Idre',2),
	(63,'Insj칬n',2),
	(64,'Krylbo',2),
	(65,'Leksand',2),
	(66,'Lima',2),
	(67,'Linghed',2),
	(68,'Ludvika',2),
	(69,'L친ngshyttan',2),
	(70,'Malung',2),
	(71,'Malungsfors',2),
	(72,'Mockfj칛rd',2),
	(73,'Mora',2),
	(74,'Nusn칛s',2),
	(75,'Nyhammar',2),
	(76,'N친s',2),
	(77,'Orsa',2),
	(78,'R칛ttvik',2),
	(79,'Saxdalen',2),
	(80,'Siljansn칛s',2),
	(81,'Smedjebacken',2),
	(82,'Soller칬n',2),
	(83,'Stj칛rnsund',2),
	(84,'Stora skedvi',2),
	(85,'Sundborn',2),
	(86,'Sunnansj칬',2),
	(87,'Sv칛rdsj칬',2),
	(88,'S친gmyra',2),
	(89,'S칛len',2),
	(90,'S칛rna',2),
	(91,'S칛ter',2),
	(92,'S칬derb칛rke',2),
	(93,'S칬rsj칬n',2),
	(94,'Transtrand',2),
	(95,'T칛llberg',2),
	(96,'Vansbro',2),
	(97,'Venjan',2),
	(98,'Vikarbyn',2),
	(99,'Vikmanshyttan',2),
	(100,'V친mhus',2),
	(101,'츿lvdalen',2),
	(102,'츿ppelbo',2),
	(103,'칐je',2),
	(104,'Annan ort',3),
	(105,'Burgsvik',3),
	(106,'Dalhem',3),
	(107,'F친r&칬sund',3),
	(108,'Havdhem',3),
	(109,'Hemse',3),
	(110,'Klintehamn',3),
	(111,'Ljugarn',3),
	(112,'L칛rbro',3),
	(113,'Romakloster',3),
	(114,'Slite',3),
	(115,'St친nga',3),
	(116,'Tingst칛de',3),
	(117,'Visby',3),
	(118,'Annan ort',4),
	(119,'Alfta',4),
	(120,'Arbr친',4),
	(121,'Axmar',4),
	(122,'Bergby',4),
	(123,'Bergsj칬',4),
	(124,'Bergvik',4),
	(125,'Bjur친ker',4),
	(126,'Bolln칛',4),
	(127,'Delsbo',4),
	(128,'Edsbyn',4),
	(129,'En친nger',4),
	(130,'Forsa',4),
	(131,'Forsbacka',4),
	(132,'Furuvik',4),
	(133,'F칛rila',4),
	(134,'Gnarp',4),
	(135,'Gysinge',4),
	(136,'G칛strike-hammarby',4),
	(137,'G칛vle',4),
	(138,'Hamra',4),
	(139,'Hamr친ngefj칛rden',4),
	(140,'Harm친nger',4),
	(141,'Hassela',4),
	(142,'Hedesunda',4),
	(143,'Hofors',4),
	(144,'Holmsveden',4),
	(145,'Hudiksvall',4),
	(146,'Iggesund',4),
	(147,'Ilsbo',4),
	(148,'J칛dra친s',4),
	(149,'J칛rbo',4),
	(150,'J칛rvs칬',4),
	(151,'J칛ttendal',4),
	(152,'Kilafors',4),
	(153,'Korskrogen',4),
	(154,'Kungsg친rden',4),
	(155,'K친rb칬le',4),
	(156,'Lingbo',4),
	(157,'Ljusdal',4),
	(158,'Ljusne',4),
	(159,'Los',4),
	(160,'Marmaverken',4),
	(161,'Njut친nger',4),
	(162,'Norrala',4),
	(163,'Norrsundet',4),
	(164,'N칛sviken',4),
	(165,'Ockelbo',4),
	(166,'Ramsj칬',4),
	(167,'Rengsj칬',4),
	(168,'Sandarne',4),
	(169,'Sandviken',4),
	(170,'Segersta',4),
	(171,'Stocka',4),
	(172,'Storvik',4),
	(173,'Str친tj칛ra',4),
	(174,'Str칬msbruk',4),
	(175,'S칬derala',4),
	(176,'S칬derhamn',4),
	(177,'Tall친sen',4),
	(178,'Tors친ker',4),
	(179,'Tr칬n칬dal',4),
	(180,'Valbo',4),
	(181,'Vallsta',4),
	(182,'Vallvik',4),
	(183,'Viksj칬fors',4),
	(184,'Voxnabruk',4),
	(185,'칀motsbruk',4),
	(186,'칀rsunda',4),
	(187,'칀shammar',4),
	(188,'칐sterf칛rnebo',4),
	(189,'Annan ort',5),
	(190,'Eldsberga',5),
	(191,'Falkenberg',5),
	(192,'Fegen',5),
	(193,'Fj칛r친s',5),
	(194,'Frilles친s',5),
	(195,'Genevad',5),
	(196,'Getinge',5),
	(197,'Glommen',5),
	(198,'Gullbrandstorp',5),
	(199,'Halmstad',5),
	(200,'Harplinge',5),
	(201,'Haverdal',5),
	(202,'Heberg',5),
	(203,'Hishult',5),
	(204,'Holm',5),
	(205,'Hyltebruk',5),
	(206,'Kinnared',5),
	(207,'Kn칛red',5),
	(208,'Kullavik',5),
	(209,'Kungsbacka',5),
	(210,'Kungs칛ter',5),
	(211,'Kvibille',5),
	(212,'Laholm',5),
	(213,'Landeryd',5),
	(214,'L친ngaryd',5),
	(215,'L친ng친s',5),
	(216,'Mellbystrand',5),
	(217,'Onsala',5),
	(218,'Oskarstr칬m',5),
	(219,'Rolfstorp',5),
	(220,'Ryd칬bruk',5),
	(221,'Sennan',5),
	(222,'Siml친ngsdalen',5),
	(223,'Skottorp',5),
	(224,'Skummesl칬vsstrand',5),
	(225,'Sk칛llinge',5),
	(226,'Sl칬inge',5),
	(227,'S칛r칬',5),
	(228,'Torup',5),
	(229,'Tr칛sl칬vsl칛ge',5),
	(230,'Tv친친ker',5),
	(231,'Ullared',5),
	(232,'Unnaryd',5),
	(233,'Vallberga',5),
	(234,'Vallda',5),
	(235,'Varberg',5),
	(236,'Veddige',5),
	(237,'Veinge',5),
	(238,'Vessigebro',5),
	(239,'Vinberg',5),
	(240,'V친xtorp',5),
	(241,'V칛r칬backa',5),
	(242,'칀led',5),
	(243,'칀sa',5),
	(244,'칀skloster',5),
	(245,'츿lvsered',5),
	(246,'츿tran',5),
	(247,'Annan ort',6),
	(248,'Asp친s',6),
	(249,'Backe',6),
	(250,'Bispg친rden',6),
	(251,'Bruksvallarna',6),
	(252,'Brunflo',6),
	(253,'Br칛cke',6),
	(254,'Duved',6),
	(255,'Dv칛rs칛tt',6),
	(256,'Fr칬s칬n',6),
	(257,'Fun칛sdalen',6),
	(258,'F친ker',6),
	(259,'F칬llinge',6),
	(260,'G칛ddede',6),
	(261,'G칛ll칬',6),
	(262,'Hack친s',6),
	(263,'Hallen',6),
	(264,'Hammarstrand',6),
	(265,'Hammerdal',6),
	(266,'Hede',6),
	(267,'Hoting',6),
	(268,'J칛rpen',6),
	(269,'Kl칬vsj칬',6),
	(270,'Krokom',6),
	(271,'K칛larne',6),
	(272,'Lidsj칬berg',6),
	(273,'Lillh칛rdal',6),
	(274,'Lit',6),
	(275,'Ljungdalen',6),
	(276,'Ljusnedal',6),
	(277,'Lofsdalen',6),
	(278,'Mattmar',6),
	(279,'M칬rsil',6),
	(280,'Norr친ker',6),
	(281,'N칛lden',6),
	(282,'Offerdal',6),
	(283,'Orrviken',6),
	(284,'Oviken',6),
	(285,'Pilgrimstad',6),
	(286,'Ross칬n',6),
	(287,'R칛tan',6),
	(288,'Stora bl친sj칬n',6),
	(289,'Storlien',6),
	(290,'Storsj칬 kapell',6),
	(291,'Str칬msund',6),
	(292,'Stugun',6),
	(293,'Sveg',6),
	(294,'Svenstavik',6),
	(295,'S칬rbygden',6),
	(296,'Tandsbyn',6),
	(297,'Tr친ngsviken',6),
	(298,'T칛nndalen',6),
	(299,'T칛nn칛s',6),
	(300,'Unders친ker',6),
	(301,'Valsj칬byn',6),
	(302,'Vemdalen',6),
	(303,'Vemh친n',6),
	(304,'V친l친dalen',6),
	(305,'Ytterhogdal',6),
	(306,'칀re',6),
	(307,'칀s',6),
	(308,'칀sarna',6),
	(309,'칐stersund',6),
	(310,'Annan ort',7),
	(311,'Anderstorp',7),
	(312,'Aneby',7),
	(313,'Anneberg',7),
	(314,'Bankeryd',7),
	(315,'Bj칬rk칬by',7),
	(316,'Bodafors',7),
	(317,'Bor',7),
	(318,'Bottnaryd',7),
	(319,'Brandstorp',7),
	(320,'Bredaryd',7),
	(321,'Broaryd',7),
	(322,'Bruzaholm',7),
	(323,'Burseryd',7),
	(324,'Eken칛ssj칬n',7),
	(325,'Eksj칬',7),
	(326,'Flisby',7),
	(327,'Forserum',7),
	(328,'Forsheda',7),
	(329,'Fredriksdal',7),
	(330,'Frinnaryd',7),
	(331,'Gislaved',7),
	(332,'Gnosj칬',7),
	(333,'Grimstorp',7),
	(334,'Gr칛nna',7),
	(335,'Habo',7),
	(336,'Hestra',7),
	(337,'Hillerstorp',7),
	(338,'Hj칛ltevad',7),
	(339,'Hok',7),
	(340,'Holsbybrunn',7),
	(341,'Horda',7),
	(342,'Hult',7),
	(343,'Huskvarna',7),
	(344,'Ingatorp',7),
	(345,'J칬nk칬ping',7),
	(346,'Korsberga',7),
	(347,'Kulltorp',7),
	(348,'Kvillsfors',7),
	(349,'Landsbro',7),
	(350,'Lekeryd',7),
	(351,'Malmb칛ck',7),
	(352,'Mariannelund',7),
	(353,'Mullsj칬',7),
	(354,'Myresj칬',7),
	(355,'M친nsarp',7),
	(356,'Nissafors',7),
	(357,'Norrahammar',7),
	(358,'Nye',7),
	(359,'N칛ssj칬',7),
	(360,'Ormaryd',7),
	(361,'Paulistr칬m',7),
	(362,'Ramkvilla',7),
	(363,'Reftele',7),
	(364,'Rydaholm',7),
	(365,'R칬rvik',7),
	(366,'Sandhem',7),
	(367,'Sandsj칬fors',7),
	(368,'Skeppshult',7),
	(369,'Skillingaryd',7),
	(370,'Sm친landsstenar',7),
	(371,'Solberga',7),
	(372,'Sommen',7),
	(373,'Stensj칬n',7),
	(374,'Stockaryd',7),
	(375,'Sunhultsbrunn',7),
	(376,'S칛vsj칬',7),
	(377,'Taberg',7),
	(378,'Tenhult',7),
	(379,'Tran친s',7),
	(380,'Vaggeryd',7),
	(381,'Vetlanda',7),
	(382,'Visings칬',7),
	(383,'Vrigstad',7),
	(384,'V칛rnamo',7),
	(385,'칀senh칬ga',7),
	(386,'츿ng',7),
	(387,'Annan ort',8),
	(388,'Alsterbro',8),
	(389,'Ankarsrum',8),
	(390,'Berga',8),
	(391,'Bergkvara',8),
	(392,'Blackstad',8),
	(393,'Blomsterm친la',8),
	(394,'Boda glasbruk',8),
	(395,'Borgholm',8),
	(396,'Broakulla',8),
	(397,'Byxelkrok',8),
	(398,'Degerhamn',8),
	(399,'Edsbruk',8),
	(400,'Emmaboda',8),
	(401,'Eriksm친la',8),
	(402,'Fagerhult',8),
	(403,'Figeholm',8),
	(404,'Fliseryd',8),
	(405,'F친gelfors',8),
	(406,'F친rbo',8),
	(407,'F칛rjestaden',8),
	(408,'Gamleby',8),
	(409,'Gr칬nsk친ra',8),
	(410,'Gullabo',8),
	(411,'Gullaskruv',8),
	(412,'Gullringen',8),
	(413,'Gunnebo',8),
	(414,'Halltorp',8),
	(415,'Hjorted',8),
	(416,'Hultsfred',8),
	(417,'H칬gsby',8),
	(418,'J칛rnforsen',8),
	(419,'Kalmar',8),
	(420,'Kristdala',8),
	(421,'K칬pingsvik',8),
	(422,'Lind친s',8),
	(423,'Ljungbyholm',8),
	(424,'Loftahammar',8),
	(425,'L친ngasj칬',8),
	(426,'L칛ckeby',8),
	(427,'L칬nneberga',8),
	(428,'L칬ttorp',8),
	(429,'M친ler친s',8),
	(430,'M친lilla',8),
	(431,'M칬nster친s',8),
	(432,'M칬rbyl친nga',8),
	(433,'M칬rlunda',8),
	(434,'Nybro',8),
	(435,'Orrefors',8),
	(436,'Oskarshamn',8),
	(437,'P친ryd',8),
	(438,'P친skallavik',8),
	(439,'Rockneby',8),
	(440,'Rosenfors',8),
	(441,'Ruda',8),
	(442,'Silverdalen',8),
	(443,'Storebro',8),
	(444,'S칬der친kra',8),
	(445,'S칬dra vi',8),
	(446,'Timmernabben',8),
	(447,'Tors친s',8),
	(448,'Totebo',8),
	(449,'Trekanten',8),
	(450,'Vassmol칬sa',8),
	(451,'Vimmerby',8),
	(452,'Virserum',8),
	(453,'Vissefj칛rda',8),
	(454,'V칛stervik',8),
	(455,'칀lem',8),
	(456,'칐rsj칬',8),
	(457,'칐verum',8),
	(458,'Annan ort',9),
	(459,'Agunnaryd',9),
	(460,'Alstermo',9),
	(461,'Alvesta',9),
	(462,'Annerstad',9),
	(463,'Bra친s',9),
	(464,'Di칬',9),
	(465,'Eneryda',9),
	(466,'Fr칬seke',9),
	(467,'Gemla',9),
	(468,'Grimsl칬v',9),
	(469,'Hallaryd',9),
	(470,'Hamneda',9),
	(471,'Hjortsberga',9),
	(472,'Hovmantorp',9),
	(473,'H칛radsb칛ck',9),
	(474,'Ingelstad',9),
	(475,'Kalvsvik',9),
	(476,'Klavrestr칬m',9),
	(477,'Konga',9),
	(478,'Kosta',9),
	(479,'Lagan',9),
	(480,'Lammhult',9),
	(481,'Lenhovda',9),
	(482,'Lessebo',9),
	(483,'Liatorp',9),
	(484,'Lidhult',9),
	(485,'Linneryd',9),
	(486,'Ljungby',9),
	(487,'Markaryd',9),
	(488,'Moheda',9),
	(489,'Norrhult',9),
	(490,'Rottne',9),
	(491,'Ryd',9),
	(492,'Ryssby',9),
	(493,'Skruv',9),
	(494,'Str칬msn칛sbruk',9),
	(495,'S칛vsj칬str칬m',9),
	(496,'Tingsryd',9),
	(497,'Torpsbruk',9),
	(498,'Traryd',9),
	(499,'T칛vels친s',9),
	(500,'Urshult',9),
	(501,'Vedersl칬v',9),
	(502,'Virestad',9),
	(503,'Vislanda',9),
	(504,'Vittaryd',9),
	(505,'V칛ckels친ng',9),
	(506,'V칛rends n칬bbele',9),
	(507,'V칛xj칬',9),
	(508,'칀ryd',9),
	(509,'칀seda',9),
	(510,'츿lghult',9),
	(511,'츿lmeboda',9),
	(512,'츿lmhult',9),
	(513,'Annan ort',10),
	(514,'Abborrtr칛sk',10),
	(515,'Abisko',10),
	(516,'Altersbruk',10),
	(517,'Arjeplog',10),
	(518,'Arnemark',10),
	(519,'Arvidsjaur',10),
	(520,'Bj칬rkliden',10),
	(521,'Bl친smark',10),
	(522,'Boden',10),
	(523,'B친tsk칛rsn칛s',10),
	(524,'Gammelstad',10),
	(525,'Glommerstr칛sk',10),
	(526,'Gunnarsbyn',10),
	(527,'G칛llivare',10),
	(528,'Hakkas',10),
	(529,'Haparanda',10),
	(530,'Harads',10),
	(531,'Heden칛set',10),
	(532,'Hemmingsmark',10),
	(533,'Hortlax',10),
	(534,'Jokkmokk',10),
	(535,'Jukkasj칛rvi',10),
	(536,'Junosuando',10),
	(537,'Juoksengi',10),
	(538,'J칛vrebyn',10),
	(539,'Kainulasj칛rvi',10),
	(540,'Kalix',10),
	(541,'Kalix-Nyborg',10),
	(542,'Kangos',10),
	(543,'Karesuando',10),
	(544,'Karlsborgsverken',10),
	(545,'Karungi',10),
	(546,'Kiruna',10),
	(547,'Koler',10),
	(548,'Korpilombolo',10),
	(549,'Koskullskulle',10),
	(550,'Kvikkjokk',10),
	(551,'Laisvall',10),
	(552,'Lansj칛rv',10),
	(553,'Lapptr칛sk',10),
	(554,'Lillpite',10),
	(555,'Lovikka',10),
	(556,'Lule친',10),
	(557,'L친ngtr칛sk',10),
	(558,'Malmberget',10),
	(559,'Mattisudden',10),
	(560,'Mellanstr칬m',10),
	(561,'Morj칛rv',10),
	(562,'Moskosel',10),
	(563,'Muodoslompolo',10),
	(564,'Nattavaara',10),
	(565,'Niemisel',10),
	(566,'Nikkala',10),
	(567,'Norrfj칛rden',10),
	(568,'Pajala',10),
	(569,'Pello',10),
	(570,'Pite친',10),
	(571,'Porjus',10),
	(572,'P친l칛ng',10),
	(573,'Randijaur',10),
	(574,'Riksgr칛nsen',10),
	(575,'Ris칬grund',10),
	(576,'Rokn칛s',10),
	(577,'Rosvik',10),
	(578,'R친ne친',10),
	(579,'Sangis',10),
	(580,'Seskar칬',10),
	(581,'Sikfors',10),
	(582,'Sjulsmark',10),
	(583,'Slagn칛s',10),
	(584,'Storsund',10),
	(585,'Svappavaara',10),
	(586,'Svensbyn',10),
	(587,'S칬dra sunderbyn',10),
	(588,'T칛rend칬',10),
	(589,'T칬re',10),
	(590,'Ullatti',10),
	(591,'Vettasj칛rvi',10),
	(592,'Vidsel',10),
	(593,'Visttr칛sk',10),
	(594,'Vittangi',10),
	(595,'Vit친',10),
	(596,'Vuollerim',10),
	(597,'츿lvsbyn',10),
	(598,'칐jebyn',10),
	(599,'칐verkalix',10),
	(600,'칐vertorne친',10),
	(601,'Annan ort',11),
	(602,'Abbek친s',11),
	(603,'Alnarp',11),
	(604,'Andersl칬v',11),
	(605,'Arild',11),
	(606,'Arkelstorp',11),
	(607,'Arl칬v',11),
	(608,'Asmundtorp',11),
	(609,'Ballingsl칬v',11),
	(610,'Bara',11),
	(611,'Barseb칛ck',11),
	(612,'Beddingestrand',11),
	(613,'Billeberga',11),
	(614,'Billesholm',11),
	(615,'Billinge',11),
	(616,'Bjuv',11),
	(617,'Bj칛rnum',11),
	(618,'Bj칛rred',11),
	(619,'Blentarp',11),
	(620,'Borrby',11),
	(621,'Brantevik',11),
	(622,'Broby',11),
	(623,'Brom칬lla',11),
	(624,'Br칬sarp',11),
	(625,'Bunkeflostrand',11),
	(626,'B친stad',11),
	(627,'Dalby',11),
	(628,'Degeberga',11),
	(629,'D칬sjebro',11),
	(630,'Ekeby',11),
	(631,'Eket',11),
	(632,'Esl칬v',11),
	(633,'Ever칬d',11),
	(634,'Falsterbo',11),
	(635,'Finja',11),
	(636,'Fj칛lkinge',11),
	(637,'Flyinge',11),
	(638,'Furulund',11),
	(639,'F칛rl칬v',11),
	(640,'F칬rsl칬v',11),
	(641,'Gantofta',11),
	(642,'Genarp',11),
	(643,'Glemmingebro',11),
	(644,'Glim친kra',11),
	(645,'Glumsl칬v',11),
	(646,'Grevie',11),
	(647,'Gual칬v',11),
	(648,'G칛rds k칬pinge',11),
	(649,'G칛rsn칛s',11),
	(650,'Hammenh칬g',11),
	(651,'Hanaskog',11),
	(652,'Harl칬sa',11),
	(653,'Hasslarp',11),
	(654,'Helsingborg',11),
	(655,'Hj칛rnarp',11),
	(656,'Hj칛rup',11),
	(657,'Huar칬d',11),
	(658,'Hyllinge',11),
	(659,'H칛ssleholm',11),
	(660,'H칛stveda',11),
	(661,'H칬gan칛s',11),
	(662,'H칬llviken',11),
	(663,'H칬rby',11),
	(664,'H칬rja',11),
	(665,'H칬칬r',11),
	(666,'Jonstorp',11),
	(667,'Kattarp',11),
	(668,'Killeberg',11),
	(669,'Kivik',11),
	(670,'Klagshamn',11),
	(671,'Klagstorp',11),
	(672,'Klippan',11),
	(673,'Kl친gerup',11),
	(674,'Knislinge',11),
	(675,'Kristianstad',11),
	(676,'Kvidinge',11),
	(677,'K친ger칬d',11),
	(678,'K칛vlinge',11),
	(679,'K칬pingebro',11),
	(680,'Landskrona',11),
	(681,'Lerberget',11),
	(682,'Limhamn',11),
	(683,'Linder칬d',11),
	(684,'Ljungbyhed',11),
	(685,'Lomma',11),
	(686,'Lund',11),
	(687,'L칬ber칬d',11),
	(688,'L칬ddek칬pinge',11),
	(689,'L칬derup',11),
	(690,'L칬nsboda',11),
	(691,'L칬vestad',11),
	(692,'Malm칬',11),
	(693,'Marieholm',11),
	(694,'Munka-ljungby',11),
	(695,'M칬lle',11),
	(696,'M칬rarp',11),
	(697,'Nyhamnsl칛ge',11),
	(698,'Nym칬lla',11),
	(699,'Nyv친ng',11),
	(700,'N칛sum',11),
	(701,'N칛vlinge',11),
	(702,'Osby',11),
	(703,'Oxie',11),
	(704,'Perstorp',11),
	(705,'P친arp',11),
	(706,'Raml칬sa',11),
	(707,'Rinkaby',11),
	(708,'Rydeb칛ck',11),
	(709,'Rydsg친rd',11),
	(710,'R친친',11),
	(711,'R칬ke',11),
	(712,'R칬st친nga',11),
	(713,'Sankt ibb',11),
	(714,'Sankt olof',11),
	(715,'Sibbhult',11),
	(716,'Simrishamn',11),
	(717,'Sj칬bo',11),
	(718,'Skan칬r',11),
	(719,'Skillinge',11),
	(720,'Skivarp',11),
	(721,'Skurup',11),
	(722,'Sk친nes fagerhult',11),
	(723,'Smedstorp',11),
	(724,'Smygehamn',11),
	(725,'Staffanstorp',11),
	(726,'Stehag',11),
	(727,'Stoby',11),
	(728,'Stockam칬llan',11),
	(729,'Str칬velstorp',11),
	(730,'Sval칬v',11),
	(731,'Svedala',11),
	(732,'S칬dra sandby',11),
	(733,'S칬sdala',11),
	(734,'S칬vde',11),
	(735,'Teckomatorp',11),
	(736,'Tj칬rnarp',11),
	(737,'Tollarp',11),
	(738,'Tomelilla',11),
	(739,'Tommarp',11),
	(740,'Torekov',11),
	(741,'Tormestorp',11),
	(742,'Torna-H칛llestad',11),
	(743,'Trelleborg',11),
	(744,'Tygelsj칬',11),
	(745,'Tyringe',11),
	(746,'T친garp',11),
	(747,'Vall친kra',11),
	(748,'Vankiva',11),
	(749,'Veber칬d',11),
	(750,'Vejbystrand',11),
	(751,'Vellinge',11),
	(752,'Viken',11),
	(753,'Villands v친nga',11),
	(754,'Vinsl칬v',11),
	(755,'Visseltofta',11),
	(756,'Vitaby',11),
	(757,'Vittsj칬',11),
	(758,'Vittsk칬vle',11),
	(759,'Vollsj칬',11),
	(760,'V칛stra karup',11),
	(761,'V칛stra torup',11),
	(762,'Yngsj칬',11),
	(763,'Ystad',11),
	(764,'칀hus',11),
	(765,'칀karp',11),
	(766,'칀sljunga',11),
	(767,'칀storp',11),
	(768,'츿ngelholm',11),
	(769,'츿sper칬d',11),
	(770,'칐d친kra',11),
	(771,'칐nnestad',11),
	(772,'칐rkelljunga',11),
	(773,'칐stra karup',11),
	(774,'칐stra ljungby',11),
	(775,'칐stra s칬nnarsl칬v',11),
	(776,'Annan ort',12),
	(777,'Adels칬',12),
	(778,'Arholma',12),
	(779,'Arlandastad',12),
	(780,'Bagarmossen',12),
	(781,'Bandhagen',12),
	(782,'Bergshamra',12),
	(783,'Bj칬rk칬',12),
	(784,'Blid칬',12),
	(785,'Bro',12),
	(786,'Bromma',12),
	(787,'Brottby',12),
	(788,'Dalar칬',12),
	(789,'Danderyd',12),
	(790,'Djurhamn',12),
	(791,'Djursholm',12),
	(792,'Drottningholm',12),
	(793,'Edsbro',12),
	(794,'Eker칬',12),
	(795,'Enebyberg',12),
	(796,'Enh칬rna',12),
	(797,'Enskede',12),
	(798,'Enskede g친rd',12),
	(799,'Enskededalen',12),
	(800,'Farsta',12),
	(801,'Furusund',12),
	(802,'F칛rentuna',12),
	(803,'Grisslehamn',12),
	(804,'Gr칛dd칬',12),
	(805,'Gr칬dinge',12),
	(806,'Gustavsberg',12),
	(807,'G칛lln칬by',12),
	(808,'Hallstavik',12),
	(809,'Haninge',12),
	(810,'Herr칛ng',12),
	(811,'Huddinge',12),
	(812,'H칛gersten',12),
	(813,'H칛sselby',12),
	(814,'H칬l칬',12),
	(815,'Ingar칬',12),
	(816,'Ingmars칬',12),
	(817,'Johanneshov',12),
	(818,'J칛rf칛lla',12),
	(819,'J칛rna',12),
	(820,'Kista',12),
	(821,'Kungens kurva',12),
	(822,'Kungs칛ngen',12),
	(823,'Liding칬',12),
	(824,'Ljuster칬',12),
	(825,'Muns칬',12),
	(826,'Musk칬',12),
	(827,'M칛rsta',12),
	(828,'M칬ja',12),
	(829,'M칬lnbo',12),
	(830,'Nacka',12),
	(831,'Nacka strand',12),
	(832,'Norrt칛lje',12),
	(833,'Norsborg',12),
	(834,'Nykvarn',12),
	(835,'Nyn칛shamn',12),
	(836,'Orn칬',12),
	(837,'Rimbo',12),
	(838,'Rosersberg',12),
	(839,'Runmar칬',12),
	(840,'R친n칛s',12),
	(841,'R칬nninge',12),
	(842,'Saltsj칬baden',12),
	(843,'Saltsj칬-boo',12),
	(844,'Saltsj칬-duvn칛s',12),
	(845,'Sandhamn',12),
	(846,'Segeltorp',12),
	(847,'Sigtuna',12),
	(848,'Skarpn칛ck',12),
	(849,'Skebobruk',12),
	(850,'Skog친s',12),
	(851,'Sk친',12),
	(852,'Sk칛lvik',12),
	(853,'Sk칛rholmen',12),
	(854,'Sk칬ndal',12),
	(855,'Sollentuna',12),
	(856,'Solna',12),
	(857,'Sorunda',12),
	(858,'Sp친nga',12),
	(859,'Stavsn칛s',12),
	(860,'Stenhamra',12),
	(861,'Stockholm',12),
	(862,'Stocksund',12),
	(863,'Stora vika',12),
	(864,'Sundbyberg',12),
	(865,'Svartsj칬',12),
	(866,'S칬dert칛lje',12),
	(867,'Tr친ngsund',12),
	(868,'Tullinge',12),
	(869,'Tumba',12),
	(870,'Tungelsta',12),
	(871,'Tyres칬',12),
	(872,'T칛by',12),
	(873,'Upplands v칛sby',12),
	(874,'Uttran',12),
	(875,'Ut칬',12),
	(876,'Vallentuna',12),
	(877,'Vaxholm',12),
	(878,'V친rby',12),
	(879,'V칛dd칬',12),
	(880,'V칛llingby',12),
	(881,'V칛rmd칬',12),
	(882,'V칛sterhaninge',12),
	(883,'V칛t칬',12),
	(884,'Yxlan',12),
	(885,'칀kersberga',12),
	(886,'칀rsta',12),
	(887,'츿lta',12),
	(888,'츿lvsj칬',12),
	(889,'칐smo',12),
	(890,'칐stersk칛r',12),
	(891,'Annan ort',13),
	(892,'Bettna',13),
	(893,'Bj칬rkvik',13),
	(894,'Bj칬rnlunda',13),
	(895,'Enstaberga',13),
	(896,'Eskilstuna',13),
	(897,'Flen',13),
	(898,'Gnesta',13),
	(899,'Husby-rekarne',13),
	(900,'H친llsta',13),
	(901,'H칛lleforsn칛s',13),
	(902,'H칬gsj칬',13),
	(903,'Julita',13),
	(904,'J칬n친ker',13),
	(905,'Katrineholm',13),
	(906,'Kvicksund',13),
	(907,'Malmk칬ping',13),
	(908,'Mariefred',13),
	(909,'Mell칬sa',13),
	(910,'Nyk칬ping',13),
	(911,'N칛shulta',13),
	(912,'N칛vekvarn',13),
	(913,'Oxel칬sund',13),
	(914,'Skogstorp',13),
	(915,'Sk칬ldinge',13),
	(916,'Sparreholm',13),
	(917,'Stallarholmen',13),
	(918,'Stavsj칬',13),
	(919,'Stigtomta',13),
	(920,'Stj칛rnhov',13),
	(921,'Stora sundby',13),
	(922,'Str칛ngn칛s',13),
	(923,'Torsh칛lla',13),
	(924,'Trosa',13),
	(925,'Tystberga',13),
	(926,'Vagnh칛rad',13),
	(927,'Valla',13),
	(928,'Ving친ker',13),
	(929,'Vrena',13),
	(930,'V칛sterljung',13),
	(931,'칀kers styckebruk',13),
	(932,'츿rla',13),
	(933,'Annan ort',14),
	(934,'Almunge',14),
	(935,'Alunda',14),
	(936,'Bj칬rklinge',14),
	(937,'B친lsta',14),
	(938,'B칛linge',14),
	(939,'Enk칬ping',14),
	(940,'Fj칛rdhundra',14),
	(941,'Gimo',14),
	(942,'Grillby',14),
	(943,'Hargshamn',14),
	(944,'J칛rl친sa',14),
	(945,'Karlholmsbruk',14),
	(946,'Knivsta',14),
	(947,'Knutby',14),
	(948,'L칛nna',14),
	(949,'M친nkarbo',14),
	(950,'Skokloster',14),
	(951,'Skutsk칛r',14),
	(952,'Skyttorp',14),
	(953,'Sk칛rplinge',14),
	(954,'Storvreta',14),
	(955,'S칬derfors',14),
	(956,'Tierp',14),
	(957,'Tobo',14),
	(958,'Uppsala',14),
	(959,'Vattholma',14),
	(960,'V칛nge',14),
	(961,'츿lvkarleby',14),
	(962,'칐rbyhus',14),
	(963,'칐regrund',14),
	(964,'칐rsundsbro',14),
	(965,'칐sterbybruk',14),
	(966,'칐sthammar',14),
	(967,'Annan ort',15),
	(968,'Ambj칬rby',15),
	(969,'Arvika',15),
	(970,'Bj칬rneborg',15),
	(971,'Bograngen',15),
	(972,'Borgvik',15),
	(973,'Brunskog',15),
	(974,'Charlottenberg',15),
	(975,'Deje',15),
	(976,'Edane',15),
	(977,'Edsvalla',15),
	(978,'Eksh칛rad',15),
	(979,'Fager친s',15),
	(980,'Filipstad',15),
	(981,'Forshaga',15),
	(982,'Glava',15),
	(983,'Grums',15),
	(984,'Gr칛smark',15),
	(985,'Gunnarskog',15),
	(986,'Hagfors',15),
	(987,'Hammar칬',15),
	(988,'H칬je',15),
	(989,'H칬ljes',15),
	(990,'Karlstad',15),
	(991,'Kil',15),
	(992,'Kl칛ssbol',15),
	(993,'Koppom',15),
	(994,'Kristinehamn',15),
	(995,'Lakene',15),
	(996,'Lesj칬fors',15),
	(997,'Liken칛s',15),
	(998,'Lysvik',15),
	(999,'L친ngserud',15),
	(1000,'Mangskog',15),
	(1001,'Molkom',15),
	(1002,'Munkfors',15),
	(1003,'Nordmarkshyttan',15),
	(1004,'Nykroppa',15),
	(1005,'Rans칛ter',15),
	(1006,'Rottneros',15),
	(1007,'R친da',15),
	(1008,'Segmon',15),
	(1009,'Skattk칛rr',15),
	(1010,'Skillingsfors',15),
	(1011,'Skoghall',15),
	(1012,'Slottsbron',15),
	(1013,'Storfors',15),
	(1014,'St칬llet',15),
	(1015,'Sunne',15),
	(1016,'Sunnemo',15),
	(1017,'Svanskog',15),
	(1018,'Syssleb칛ck',15),
	(1019,'S칛ffle',15),
	(1020,'Torsby',15),
	(1021,'T칬cksfors',15),
	(1022,'Uddeholm',15),
	(1023,'V친lberg',15),
	(1024,'V칛rmlands nys칛ter',15),
	(1025,'V칛se',15),
	(1026,'V칛stra 칛mtervik',15),
	(1027,'칀motfors',15),
	(1028,'칀rj칛ng',15),
	(1029,'칐stmark',15),
	(1030,'칐stra 칛mtervik',15),
	(1031,'Annan ort',16),
	(1032,'Adak',16),
	(1033,'Ammarn칛s',16),
	(1034,'Barsele',16),
	(1035,'Bastutr칛sk',16),
	(1036,'Bjurholm',16),
	(1037,'Bj칬rksele',16),
	(1038,'Blattnicksele',16),
	(1039,'Bl친viksj칬n',16),
	(1040,'Boliden',16),
	(1041,'Borgafj칛ll',16),
	(1042,'Botsmark',16),
	(1043,'Bullmark',16),
	(1044,'Bure친',16),
	(1045,'Burtr칛sk',16),
	(1046,'Bygde친',16),
	(1047,'Bygdsiljum',16),
	(1048,'Byske',16),
	(1049,'Dikan칛s',16),
	(1050,'Dorotea',16),
	(1051,'Ersmark',16),
	(1052,'Flarken',16),
	(1053,'Fredrika',16),
	(1054,'F칛llfors',16),
	(1055,'Gargn칛s',16),
	(1056,'Gran칬',16),
	(1057,'Gr칛smyr',16),
	(1058,'Gunnarn',16),
	(1059,'Hemavan',16),
	(1060,'Holmsund',16),
	(1061,'Holm칬n',16),
	(1062,'H친kn칛s',16),
	(1063,'H칛llastr칬m',16),
	(1064,'H칛lln칛s',16),
	(1065,'H칬rnefors',16),
	(1066,'J칬rn',16),
	(1067,'Kalvtr칛sk',16),
	(1068,'Klimpfj칛ll',16),
	(1069,'Kristineberg',16),
	(1070,'Kusmark',16),
	(1071,'K친ge',16),
	(1072,'Lajksj칬berg',16),
	(1073,'Latikberg',16),
	(1074,'Lavsj칬n',16),
	(1075,'Lycksele',16),
	(1076,'L친ngb칛cken',16),
	(1077,'L칬gde친',16),
	(1078,'L칬v친nger',16),
	(1079,'Malgomaj',16),
	(1080,'Mal친',16),
	(1081,'Marsfj칛ll',16),
	(1082,'Nordmaling',16),
	(1083,'Norrfors',16),
	(1084,'Norsj칬',16),
	(1085,'Ny친ker',16),
	(1086,'Obbola',16),
	(1087,'Rentj칛rn',16),
	(1088,'Robertsfors',16),
	(1089,'Rundvik',16),
	(1090,'Rusksele',16),
	(1091,'R칬b칛ck',16),
	(1092,'R칬k친',16),
	(1093,'Skelleftehamn',16),
	(1094,'Skellefte친',16),
	(1095,'Slussfors',16),
	(1096,'Sorsele',16),
	(1097,'Stensele',16),
	(1098,'Storseleby',16),
	(1099,'Storuman',16),
	(1100,'Svanavattnet',16),
	(1101,'S칛var',16),
	(1102,'Tavelsj칬',16),
	(1103,'Tv칛r친lund',16),
	(1104,'T칛fte친',16),
	(1105,'T칛rnaby',16),
	(1106,'Ume친',16),
	(1107,'Ursviken',16),
	(1108,'Vilhelmina',16),
	(1109,'Vindelgransele',16),
	(1110,'Vindeln',16),
	(1111,'Vormsele',16),
	(1112,'V칛nn칛s',16),
	(1113,'V칛nn칛sby',16),
	(1114,'칀msele',16),
	(1115,'칀n칛set',16),
	(1116,'칀sele',16),
	(1117,'칐rtr칛sk',16),
	(1118,'칐rviken',16),
	(1119,'Annan ort',17),
	(1120,'Alby',17),
	(1121,'Aln칬',17),
	(1122,'Ankarsvik',17),
	(1123,'Arn칛svall',17),
	(1124,'Bergeforsen',17),
	(1125,'Bj칛rtr친',17),
	(1126,'Bj칛sta',17),
	(1127,'Bj칬rna',17),
	(1128,'Bollstabruk',17),
	(1129,'Bon칛ssund',17),
	(1130,'Bredbyn',17),
	(1131,'Docksta',17),
	(1132,'Domsj칬',17),
	(1133,'Edsele',17),
	(1134,'Erikslund',17),
	(1135,'Fagervik',17),
	(1136,'Fr칛nsta',17),
	(1137,'Gide친',17),
	(1138,'Graninge',17),
	(1139,'Helgum',17),
	(1140,'Husum',17),
	(1141,'H칛rn칬sand',17),
	(1142,'Indal',17),
	(1143,'Junsele',17),
	(1144,'J칛rved',17),
	(1145,'Kovland',17),
	(1146,'Kramfors',17),
	(1147,'Kvissleby',17),
	(1148,'K칬pmanholmen',17),
	(1149,'Liden',17),
	(1150,'Ljungaverk',17),
	(1151,'Lugnvik',17),
	(1152,'Lunde',17),
	(1153,'L친ngsele',17),
	(1154,'L친ngviksmon',17),
	(1155,'Matfors',17),
	(1156,'Mellansel',17),
	(1157,'Mj칛llom',17),
	(1158,'Moliden',17),
	(1159,'Njurunda',17),
	(1160,'Norastr칬m',17),
	(1161,'Nordingr친',17),
	(1162,'Nyland',17),
	(1163,'N칛s친ker',17),
	(1164,'Ramsele',17),
	(1165,'Ramvik',17),
	(1166,'Sand칬verken',17),
	(1167,'Sidensj칬',17),
	(1168,'Sj칛levad',17),
	(1169,'Skog',17),
	(1170,'Skorped',17),
	(1171,'Solberg',17),
	(1172,'Sollefte친',17),
	(1173,'St칬de',17),
	(1174,'Sundsbruk',17),
	(1175,'Sundsvall',17),
	(1176,'S칬rberge',17),
	(1177,'S칬r친ker',17),
	(1178,'Timr친',17),
	(1179,'Torpshammar',17),
	(1180,'Treh칬rningsj칬',17),
	(1181,'Ull친nger',17),
	(1182,'Ulv칬hamn',17),
	(1183,'Undrom',17),
	(1184,'Utansj칬',17),
	(1185,'Viksj칬',17),
	(1186,'V칛ja',17),
	(1187,'칀nge',17),
	(1188,'츿landsbro',17),
	(1189,'칐rnsk칬ldsvik',17),
	(1190,'칐stavall',17),
	(1191,'칐verh칬rn칛s',17),
	(1192,'칐verturingen',17),
	(1193,'Annan ort',18),
	(1194,'Arboga',18),
	(1195,'Fagersta',18),
	(1196,'Hallstahammar',18),
	(1197,'Harbo',18),
	(1198,'Heby',18),
	(1199,'Huddungeby',18),
	(1200,'Kolb칛ck',18),
	(1201,'Kolsva',18),
	(1202,'Kungs칬r',18),
	(1203,'K칬ping',18),
	(1204,'Morgong친va',18),
	(1205,'M칬klinta',18),
	(1206,'Norberg',18),
	(1207,'Ramn칛s',18),
	(1208,'Ransta',18),
	(1209,'Riddarhyttan',18),
	(1210,'Runh칛llen',18),
	(1211,'Sala',18),
	(1212,'Salbohed',18),
	(1213,'Skinnskatteberg',18),
	(1214,'Skultuna',18),
	(1215,'Surahammar',18),
	(1216,'T칛rnsj칬',18),
	(1217,'Valskog',18),
	(1218,'Virsbo',18),
	(1219,'Vittinge',18),
	(1220,'V칛sterf칛rnebo',18),
	(1221,'V칛ster친s',18),
	(1222,'츿ngelsberg',18),
	(1223,'칐sterv친la',18),
	(1224,'Annan ort',19),
	(1225,'Agnesberg',19),
	(1226,'Alafors',19),
	(1227,'Alings친s',19),
	(1228,'Alvhem',19),
	(1229,'Ambj칬rnarp',19),
	(1230,'Angered',19),
	(1231,'Aplared',19),
	(1232,'Askim',19),
	(1233,'Asper칬',19),
	(1234,'Axvall',19),
	(1235,'Bengtsfors',19),
	(1236,'Berghem',19),
	(1237,'Billdal',19),
	(1238,'Billingsfors',19),
	(1239,'Bj칬rketorp',19),
	(1240,'Bleket',19),
	(1241,'Blidsberg',19),
	(1242,'Bohus',19),
	(1243,'Bohus-bj칬rk칬',19),
	(1244,'Bohus-malm칬n',19),
	(1245,'Bollebygd',19),
	(1246,'Borgstena',19),
	(1247,'Bor친s',19),
	(1248,'Bovallstrand',19),
	(1249,'Brastad',19),
	(1250,'Bredared',19),
	(1251,'Broddetorp',19),
	(1252,'Br친landa',19),
	(1253,'Br칛mhult',19),
	(1254,'Br칛nn칬',19),
	(1255,'Bullaren',19),
	(1256,'B칛ckefors',19),
	(1257,'Dals l친nged',19),
	(1258,'Dals rostock',19),
	(1259,'Dalsj칬fors',19),
	(1260,'Dalskog',19),
	(1261,'Dalstorp',19),
	(1262,'Dalum',19),
	(1263,'Dannike',19),
	(1264,'Dingle',19),
	(1265,'Dons칬',19),
	(1266,'Dyr칬n',19),
	(1267,'Ed',19),
	(1268,'Ell칬s',19),
	(1269,'Fagerfj칛ll',19),
	(1270,'Fagersanna',19),
	(1271,'Falk칬ping',19),
	(1272,'Fengersfors',19),
	(1273,'Fiskeb칛ckskil',19),
	(1274,'Fj칛llbacka',19),
	(1275,'Floby',19),
	(1276,'Floda',19),
	(1277,'Forsvik',19),
	(1278,'Fotsk칛l',19),
	(1279,'Fot칬',19),
	(1280,'Fristad',19),
	(1281,'Fritsla',19),
	(1282,'Fruf칛llan',19),
	(1283,'Fr칛ndefors',19),
	(1284,'F칛rgelanda',19),
	(1285,'Grebbestad',19),
	(1286,'Grims친s',19),
	(1287,'Grundsund',19),
	(1288,'Gr친bo',19),
	(1289,'Gr칛storp',19),
	(1290,'Gr칬nah칬g',19),
	(1291,'Gudhem',19),
	(1292,'Gullholmen',19),
	(1293,'Gullsp친ng',19),
	(1294,'Gunnilse',19),
	(1295,'Gustavsfors',19),
	(1296,'G친nghester',19),
	(1297,'G친rdsj칬',19),
	(1298,'G칛llstad',19),
	(1299,'G칬ta',19),
	(1300,'G칬teborg',19),
	(1301,'G칬tene',19),
	(1302,'Hajom',19),
	(1303,'Haken칛set',19),
	(1304,'Hamburgsund',19),
	(1305,'Harestad',19),
	(1306,'Havstenssund',19),
	(1307,'Hedared',19),
	(1308,'Hedekas',19),
	(1309,'Hen친n',19),
	(1310,'Herrljunga',19),
	(1311,'Hillared',19),
	(1312,'Hind친s',19),
	(1313,'Hisings backa',19),
	(1314,'Hisings k칛rra',19),
	(1315,'Hjo',19),
	(1316,'Hj칛lteby',19),
	(1317,'Hj칛rtum',19),
	(1318,'Holsljunga',19),
	(1319,'Horred',19),
	(1320,'Hova',19),
	(1321,'Hov친s',19),
	(1322,'Hultafors',19),
	(1323,'Hunnebostrand',19),
	(1324,'Hyppeln',19),
	(1325,'Hyssna',19),
	(1326,'H친cksvik',19),
	(1327,'H친landa',19),
	(1328,'H친lta',19),
	(1329,'H친verud',19),
	(1330,'H칛llekis',19),
	(1331,'H칛llevadsholm',19),
	(1332,'H칛lleviksstrand',19),
	(1333,'H칛llingsj칬',19),
	(1334,'H칛ls칬',19),
	(1335,'H칛rryda',19),
	(1336,'H칬gs칛ter',19),
	(1337,'H칬kerum',19),
	(1338,'H칬n칬',19),
	(1339,'H칬viksn칛s',19),
	(1340,'Istorp',19),
	(1341,'Jonsered',19),
	(1342,'J칛rp친s',19),
	(1343,'J칬rlanda',19),
	(1344,'Kalv',19),
	(1345,'Kareby',19),
	(1346,'Karlsborg',19),
	(1347,'Kinna',19),
	(1348,'Kinnahult',19),
	(1349,'Kinnarp',19),
	(1350,'Kinnarumma',19),
	(1351,'Kl칛desholmen',19),
	(1352,'Kl칬vedal',19),
	(1353,'Kode',19),
	(1354,'Kungshamn',19),
	(1355,'Kung칛lv',19),
	(1356,'Kv칛num',19),
	(1357,'Kyrkesund',19),
	(1358,'K친llek칛rr',19),
	(1359,'K친llered',19),
	(1360,'K칛llby',19),
	(1361,'K칛ll칬-knippla',19),
	(1362,'K칛ring칬n',19),
	(1363,'K칛rna',19),
	(1364,'K칛ttilstorp',19),
	(1365,'K칬pmannebro',19),
	(1366,'K칬pstads칬',19),
	(1367,'Landvetter',19),
	(1368,'Lerdala',19),
	(1369,'Lerum',19),
	(1370,'Lidk칬ping',19),
	(1371,'Lilla edet',19),
	(1372,'Limmared',19),
	(1373,'Lindome',19),
	(1374,'Ljung',19),
	(1375,'Ljungsarp',19),
	(1376,'Ljungskile',19),
	(1377,'Lundsbrunn',19),
	(1378,'Lur',19),
	(1379,'Lycke',19),
	(1380,'Lyrestad',19),
	(1381,'Lysekil',19),
	(1382,'L칛nghem',19),
	(1383,'L칬d칬se',19),
	(1384,'Marb칛ck',19),
	(1385,'Mariestad',19),
	(1386,'Marstrand',19),
	(1387,'Mellerud',19),
	(1388,'Mj칬b칛ck',19),
	(1389,'Moholm',19),
	(1390,'Moll칬sund',19),
	(1391,'Munkedal',19),
	(1392,'Myggen칛s',19),
	(1393,'M친lsryd',19),
	(1394,'M친nstad',19),
	(1395,'M친rdaklev',19),
	(1396,'M칬lltorp',19),
	(1397,'M칬lndal',19),
	(1398,'M칬lnlycke',19),
	(1399,'Nittorp',19),
	(1400,'Nol',19),
	(1401,'Nordkoster',19),
	(1402,'Nossebro',19),
	(1403,'Nyg친rd',19),
	(1404,'N칬dinge',19),
	(1405,'N칬sund',19),
	(1406,'Olofstorp',19),
	(1407,'Olsfors',19),
	(1408,'Otterb칛cken',19),
	(1409,'Partille',19),
	(1410,'Pixbo',19),
	(1411,'Pr칛ssebo',19),
	(1412,'Rabbalshede',19),
	(1413,'Res칬',19),
	(1414,'Romelanda',19),
	(1415,'Rydal',19),
	(1416,'Rydboholm',19),
	(1417,'R친ngedala',19),
	(1418,'R칛vlanda',19),
	(1419,'R칬nn칛ng',19),
	(1420,'R칬r칬',19),
	(1421,'Sandared',19),
	(1422,'Sandhult',19),
	(1423,'Seglora',19),
	(1424,'Sexdrega',19),
	(1425,'Sjuntorp',19),
	(1426,'Sj칬marken',19),
	(1427,'Sj칬tofta',19),
	(1428,'Sj칬torp',19),
	(1429,'Sj칬vik',19),
	(1430,'Skagersvik',19),
	(1431,'Skara',19),
	(1432,'Skee',19),
	(1433,'Skene',19),
	(1434,'Skephult',19),
	(1435,'Skepplanda',19),
	(1436,'Sk친pafors',19),
	(1437,'Sk칛rhamn',19),
	(1438,'Sk칬vde',19),
	(1439,'Slutarp',19),
	(1440,'Sm칬gen',19),
	(1441,'Sollebrunn',19),
	(1442,'Spars칬r',19),
	(1443,'Speker칬d',19),
	(1444,'Stenkullen',19),
	(1445,'Stenstorp',19),
	(1446,'Stenungsund',19),
	(1447,'Stigen',19),
	(1448,'Stillings칬n',19),
	(1449,'Stora h칬ga',19),
	(1450,'Stora levene',19),
	(1451,'Str칬mstad',19),
	(1452,'Styrs칬',19),
	(1453,'Surte',19),
	(1454,'Svaneholm',19),
	(1455,'Svanesund',19),
	(1456,'Svenljunga',19),
	(1457,'Svensh칬gen',19),
	(1458,'Sydkoster',19),
	(1459,'S친ten칛s',19),
	(1460,'S칛tila',19),
	(1461,'S칛ve',19),
	(1462,'S칛vedalen',19),
	(1463,'Tanumshede',19),
	(1464,'Tibro',19),
	(1465,'Tidaholm',19),
	(1466,'Tidan',19),
	(1467,'Timmele',19),
	(1468,'Timmersdala',19),
	(1469,'Tollered',19),
	(1470,'Torestorp',19),
	(1471,'Torslanda',19),
	(1472,'Tors칬',19),
	(1473,'Tostared',19),
	(1474,'Tranemo',19),
	(1475,'Trollh칛ttan',19),
	(1476,'Tr친vad',19),
	(1477,'Tr칛det',19),
	(1478,'Tun',19),
	(1479,'Tv칛rred',19),
	(1480,'T칬llsj칬',19),
	(1481,'T칬reboda',19),
	(1482,'T칬sse',19),
	(1483,'Ucklum',19),
	(1484,'Uddebo',19),
	(1485,'Uddevalla',19),
	(1486,'Ulricehamn',19),
	(1487,'Unden칛s',19),
	(1488,'Upph칛rad',19),
	(1489,'Vara',19),
	(1490,'Varekil',19),
	(1491,'Varg칬n',19),
	(1492,'Varnhem',19),
	(1493,'Vartofta',19),
	(1494,'Vedum',19),
	(1495,'Vegby',19),
	(1496,'Vinninga',19),
	(1497,'Viskafors',19),
	(1498,'Vr친ng칬',19),
	(1499,'V친rg친rda',19),
	(1500,'V칛nersborg',19),
	(1501,'V칛ring',19),
	(1502,'V칛rs친s',19),
	(1503,'V칛sterlanda',19),
	(1504,'V칛stra fr칬lunda',19),
	(1505,'V칛stra tunhem',19),
	(1506,'Ytterby',19),
	(1507,'칀m친l',19),
	(1508,'칀nimskog',19),
	(1509,'칀sarp',19),
	(1510,'칀sensbruk',19),
	(1511,'칀stol',19),
	(1512,'츿lekulla',19),
	(1513,'츿lgar친s',19),
	(1514,'츿lmestad',19),
	(1515,'츿lv칛ngen',19),
	(1516,'츿spered',19),
	(1517,'칐cker칬',19),
	(1518,'칐deborg',19),
	(1519,'칐dsk칬lt',19),
	(1520,'칐dsm친l',19),
	(1521,'칐jersj칬',19),
	(1522,'칐lsremma',19),
	(1523,'칐rby',19),
	(1524,'칐stra fr칬lunda',19),
	(1525,'칐verlida',19),
	(1526,'칐xab칛ck',19),
	(1527,'칐xnevalla',19),
	(1528,'Annan ort',20),
	(1529,'Askersund',20),
	(1530,'Aspabruk',20),
	(1531,'Degerfors',20),
	(1532,'Dyltabruk',20),
	(1533,'Ervalla',20),
	(1534,'Fellingsbro',20),
	(1535,'Finner칬dja',20),
	(1536,'Fjugesta',20),
	(1537,'Fr칬vi',20),
	(1538,'Garphyttan',20),
	(1539,'Glanshammar',20),
	(1540,'Granbergsdal',20),
	(1541,'Grythyttan',20),
	(1542,'Guldsmedshyttan',20),
	(1543,'Gusselby',20),
	(1544,'Gyttorp',20),
	(1545,'Hallsberg',20),
	(1546,'Hammar',20),
	(1547,'Hasselfors',20),
	(1548,'Hjortkvarn',20),
	(1549,'H칛llefors',20),
	(1550,'Karlskoga',20),
	(1551,'Kilsmo',20),
	(1552,'Kopparberg',20),
	(1553,'Kumla',20),
	(1554,'Lax친',20),
	(1555,'Lillkyrka',20),
	(1556,'Lindesberg',20),
	(1557,'Mullhyttan',20),
	(1558,'Nora',20),
	(1559,'Odensbacken',20),
	(1560,'P친lsboda',20),
	(1561,'Ramsberg',20),
	(1562,'R칬fors',20),
	(1563,'Sk칬llersta',20),
	(1564,'Stora mell칬sa',20),
	(1565,'Stor친',20),
	(1566,'Str친ssa',20),
	(1567,'St칛lldalen',20),
	(1568,'Svart친',20),
	(1569,'Tived',20),
	(1570,'Vedev친g',20),
	(1571,'Vintrosa',20),
	(1572,'Vretstorp',20),
	(1573,'Zinkgruvan',20),
	(1574,'칀mmeberg',20),
	(1575,'칀sbro',20),
	(1576,'칀torp',20),
	(1577,'칐rebro',20),
	(1578,'칐stansj칬',20),
	(1579,'Annan ort',21),
	(1580,'Borensberg',21),
	(1581,'Borghamn',21),
	(1582,'Boxholm',21),
	(1583,'Finsp친ng',21),
	(1584,'Gryt',21),
	(1585,'Grytg칬l',21),
	(1586,'Gusum',21),
	(1587,'Horn',21),
	(1588,'H칛llestad',21),
	(1589,'Kimstad',21),
	(1590,'Kisa',21),
	(1591,'Kolm친rden',21),
	(1592,'Linghem',21),
	(1593,'Link칬ping',21),
	(1594,'Ljungsbro',21),
	(1595,'Ljusfallshammar',21),
	(1596,'Lotorp',21),
	(1597,'Mantorp',21),
	(1598,'Mj칬lby',21),
	(1599,'Motala',21),
	(1600,'Norrk칬ping',21),
	(1601,'Norsholm',21),
	(1602,'Nykil',21),
	(1603,'Rejmyre',21),
	(1604,'Rimforsa',21),
	(1605,'Ringarum',21),
	(1606,'Sankt anna',21),
	(1607,'Sk칛nninge',21),
	(1608,'Sk칛rblacka',21),
	(1609,'Sturefors',21),
	(1610,'S칬derk칬ping',21),
	(1611,'Tj칛llmo',21),
	(1612,'Ulrika',21),
	(1613,'Vadstena',21),
	(1614,'Valdemarsvik',21),
	(1615,'Vikbolandet',21),
	(1616,'Vikingstad',21),
	(1617,'Vreta kloster',21),
	(1618,'V칛derstad',21),
	(1619,'칀by',21),
	(1620,'칀tvidaberg',21),
	(1621,'칐desh칬g',21),
	(1622,'칐sterbymo',21),
	(1623,'칐stra ryd',21),
	(1624,'Annan stad',0);

/*!40000 ALTER TABLE `City` ENABLE KEYS */;
UNLOCK TABLES;


# Tabelldump Comments
# ------------------------------------------------------------

DROP TABLE IF EXISTS `Comments`;

CREATE TABLE `Comments` (
  `CommentID` int(11) NOT NULL AUTO_INCREMENT,
  `Text` varchar(1000) NOT NULL,
  `EventID` int(11) NOT NULL,
  `UserName` varchar(30) NOT NULL DEFAULT '',
  PRIMARY KEY (`CommentID`)
) ENGINE=InnoDB DEFAULT CHARSET=latin1;

LOCK TABLES `Comments` WRITE;
/*!40000 ALTER TABLE `Comments` DISABLE KEYS */;

INSERT INTO `Comments` (`CommentID`, `Text`, `EventID`, `UserName`)
VALUES
	(1,'fhwuekfhekswfe',18,'satsumagirl92'),
	(2,'dawef',18,'satsumagirl92'),
	(3,'dawef',18,'satsumagirl92'),
	(4,'',18,'satsumagirl92'),
	(5,'',18,'satsumagirl92'),
	(6,'',18,'satsumagirl92'),
	(7,'sf',18,'satsumagirl92'),
	(8,'sf',18,'satsumagirl92'),
	(9,'sf',18,'satsumagirl92'),
	(10,'sf',18,'satsumagirl92'),
	(11,'hgjk',18,'satsumagirl92'),
	(12,'hgjk',18,'satsumagirl92'),
	(13,'hgjk',18,'satsumagirl92'),
	(14,'',18,'satsumagirl92'),
	(15,'',18,'satsumagirl92'),
	(16,'',18,'satsumagirl92'),
	(17,'cccsss',2,'satsumagirl92'),
	(18,'cccsss',2,'satsumagirl92'),
	(19,'cccsss',2,'satsumagirl92'),
	(20,'cccsss',2,'satsumagirl92'),
	(21,'cccsss',2,'satsumagirl92'),
	(22,'cccsss',2,'satsumagirl92'),
	(23,'cccsss',2,'satsumagirl92'),
	(24,'cccsss',2,'satsumagirl92'),
	(25,'njknjkn',16,'satsumagirl92'),
	(26,'njknjkn',16,'satsumagirl92'),
	(27,'njknjkn',16,'satsumagirl92'),
	(28,'fetfe',17,'satsumagirl92'),
	(29,'feefwwfew',17,'satsumagirl92'),
	(30,'feefwwfew',17,'satsumagirl92');

/*!40000 ALTER TABLE `Comments` ENABLE KEYS */;
UNLOCK TABLES;


# Tabelldump Event
# ------------------------------------------------------------

DROP TABLE IF EXISTS `Event`;

CREATE TABLE `Event` (
  `EventID` int(11) NOT NULL AUTO_INCREMENT,
  `Title` varchar(1000) NOT NULL,
  `StartDate` date NOT NULL,
  `EndDate` date NOT NULL,
  `StartTime` time(6) NOT NULL,
  `EndTime` time(6) NOT NULL,
  `LocationID` int(11) NOT NULL,
  `Information` varchar(500) NOT NULL,
  `Status` tinyint(1) NOT NULL,
  `UserID` int(11) NOT NULL,
  `Tags` varchar(50) NOT NULL,
  `Comments` varchar(500) NOT NULL,
  PRIMARY KEY (`EventID`)
) ENGINE=InnoDB DEFAULT CHARSET=latin1;

LOCK TABLES `Event` WRITE;
/*!40000 ALTER TABLE `Event` DISABLE KEYS */;

INSERT INTO `Event` (`EventID`, `Title`, `StartDate`, `EndDate`, `StartTime`, `EndTime`, `LocationID`, `Information`, `Status`, `UserID`, `Tags`, `Comments`)
VALUES
	(1,'Our first event','2017-09-12','2017-09-12','13:00:00.000000','14:00:00.000000',1,'Here we have some information on our first event',0,1,'','H칛r 칛r en kommentar till eventet.'),
	(2,'The second event','2017-10-30','2017-11-01','21:00:00.000000','11:00:00.000000',6,'The second event is a really fun event here is the description welcome to my event talk to you later!',0,2,'','Kommentar till andra eventet'),
	(3,'Really fun event','2017-11-02','2017-11-02','13:00:00.000000','17:00:00.000000',3,'We meet at city park, then we walk for 10 miles, then we go to McDonald\'s to eat. Then we go to the opera. After that we\'ll sleep over in my cabin. Bring a sleeping bag and a swimsuit If you like because there\'s a lake right next to the cabin. Bye',0,3,'','L친ter skitkul'),
	(4,'Evently','2017-10-02','2017-10-03','16:00:00.000000','20:00:00.000000',2,'Some info about event lalala here we have some info here you go have fun at the event have fun at the event have fun at the event have fun at the event have fun at the event have fun at the event have fun at the event have fun at the event have fun at the event have fun at the event have fun at the event have fun at the event ',0,5,'','fe'),
	(10,'Inserting into joins','2017-10-20','2017-10-30','18:00:18.000000','00:00:19.000000',7,'',0,0,'',''),
	(13,'My summer party','2018-06-07','2018-06-08','20:00:00.000000','02:00:00.000000',3,'Welcome to my summer party bring food',0,2,'',''),
	(14,'My summer party','2018-06-07','2018-06-08','20:00:00.000000','02:00:00.000000',3,'Welcome to my summer party bring food',0,2,'',''),
	(15,'My summer party','2018-06-07','2018-06-08','20:00:00.000000','02:00:00.000000',3,'Welcome to my summer party bring food',0,2,'',''),
	(16,'My summer party','2018-06-07','2018-06-08','20:00:00.000000','02:00:00.000000',3,'Welcome to my summer party bring food',0,2,'',''),
	(17,'My summer party','2018-06-07','2018-06-08','20:00:00.000000','02:00:00.000000',3,'Welcome to my summer party bring food',0,2,'',''),
	(18,'My summer party','2018-06-07','2018-06-08','20:00:00.000000','02:00:00.000000',3,'Welcome to my summer party bring food',0,2,'','');

/*!40000 ALTER TABLE `Event` ENABLE KEYS */;
UNLOCK TABLES;


# Tabelldump GetTag
# ------------------------------------------------------------

DROP TABLE IF EXISTS `GetTag`;

CREATE TABLE `GetTag` (
  `EventID` int(11) NOT NULL,
  `TagID` int(11) NOT NULL
) ENGINE=InnoDB DEFAULT CHARSET=latin1;

LOCK TABLES `GetTag` WRITE;
/*!40000 ALTER TABLE `GetTag` DISABLE KEYS */;

INSERT INTO `GetTag` (`EventID`, `TagID`)
VALUES
	(1,5),
	(2,4),
	(3,1),
	(3,4);

/*!40000 ALTER TABLE `GetTag` ENABLE KEYS */;
UNLOCK TABLES;


# Tabelldump Location
# ------------------------------------------------------------

DROP TABLE IF EXISTS `Location`;

CREATE TABLE `Location` (
  `LocationID` int(11) NOT NULL AUTO_INCREMENT,
  `StreetAdress` varchar(255) NOT NULL,
  `Zip code` int(10) NOT NULL,
  `CityID` int(11) NOT NULL,
  `CountryID` int(11) NOT NULL,
  `Description` varchar(100) NOT NULL,
  PRIMARY KEY (`LocationID`)
) ENGINE=InnoDB DEFAULT CHARSET=latin1;

LOCK TABLES `Location` WRITE;
/*!40000 ALTER TABLE `Location` DISABLE KEYS */;

INSERT INTO `Location` (`LocationID`, `StreetAdress`, `Zip code`, `CityID`, `CountryID`, `Description`)
VALUES
	(1,'Kyrkogatan 15',55311,0,0,'V친r adress'),
	(2,'Drottninggatan 15',55311,0,0,'V친r adress'),
	(3,'Ringgatan 34',54312,25,0,''),
	(6,'Kungsgatan 12',33211,7,0,''),
	(7,'Riddargatan 55',32123,14,0,'');

/*!40000 ALTER TABLE `Location` ENABLE KEYS */;
UNLOCK TABLES;


# Tabelldump State
# ------------------------------------------------------------

DROP TABLE IF EXISTS `State`;

CREATE TABLE `State` (
  `state_id` int(11) NOT NULL AUTO_INCREMENT,
  `state_name` varchar(50) NOT NULL DEFAULT '',
  PRIMARY KEY (`state_id`)
) ENGINE=InnoDB DEFAULT CHARSET=latin1 COMMENT='Contains states';

LOCK TABLES `State` WRITE;
/*!40000 ALTER TABLE `State` DISABLE KEYS */;

INSERT INTO `State` (`state_id`, `state_name`)
VALUES
	(1,'Blekinge'),
	(2,'Dalarna'),
	(3,'Gotland'),
	(4,'G칛vleborg'),
	(5,'Halland'),
	(6,'J칛mtland'),
	(7,'J칬nk칬ping'),
	(8,'Kalmar'),
	(9,'Kronoberg'),
	(10,'Norrbotten'),
	(11,'Sk친ne'),
	(12,'Stockholm'),
	(13,'S칬dermanland'),
	(14,'Uppsala'),
	(15,'V칛rmland'),
	(16,'V칛sterbotten'),
	(17,'V칛sternorrland'),
	(18,'V칛stmanland'),
	(19,'V칛stra G칬taland'),
	(20,'칐rebro'),
	(21,'칐sterg칬tland'),
	(24,'Annat l칛n');

/*!40000 ALTER TABLE `State` ENABLE KEYS */;
UNLOCK TABLES;


# Tabelldump Tags
# ------------------------------------------------------------

DROP TABLE IF EXISTS `Tags`;

CREATE TABLE `Tags` (
  `TagID` int(11) NOT NULL AUTO_INCREMENT,
  `Tagname` char(100) NOT NULL,
  PRIMARY KEY (`TagID`)
) ENGINE=InnoDB DEFAULT CHARSET=latin1;

LOCK TABLES `Tags` WRITE;
/*!40000 ALTER TABLE `Tags` DISABLE KEYS */;

INSERT INTO `Tags` (`TagID`, `Tagname`)
VALUES
	(1,'Party'),
	(2,'Outdoors'),
	(3,'Walking'),
	(4,'Swimming'),
	(5,'Sports'),
	(6,'Holiday'),
	(7,'Cinema'),
	(8,'Movie'),
	(9,'Restaurant'),
	(10,'Cooking'),
	(11,'Shopping'),
	(12,'Culture'),
	(13,'Festival');

/*!40000 ALTER TABLE `Tags` ENABLE KEYS */;
UNLOCK TABLES;


# Tabelldump User
# ------------------------------------------------------------

DROP TABLE IF EXISTS `User`;

CREATE TABLE `User` (
  `UserID` int(11) NOT NULL AUTO_INCREMENT,
  `UserName` varchar(30) NOT NULL,
  `Password` varchar(30) NOT NULL,
  `EmailAdress` varchar(80) NOT NULL,
  `FirstName` char(50) NOT NULL,
  `LastName` char(50) NOT NULL,
  `Birthdate` date NOT NULL,
  `About` varchar(255) NOT NULL,
  `ProfilePicture` varchar(255) NOT NULL,
  PRIMARY KEY (`UserID`)
) ENGINE=InnoDB DEFAULT CHARSET=latin1;

LOCK TABLES `User` WRITE;
/*!40000 ALTER TABLE `User` DISABLE KEYS */;

INSERT INTO `User` (`UserID`, `UserName`, `Password`, `EmailAdress`, `FirstName`, `LastName`, `Birthdate`, `About`, `ProfilePicture`)
VALUES
	(1,'Ellen_b','6367c48dd193d56ea7b0baad25b194','ellen_brage@gmail.com','Ellen','Brage','1992-05-09','Ellen Brage, plugger p친 h칬gskolan i jkpg. Gillar Falk칬ping och eventually-appen.','profilepics/ellen.jpg'),
	(2,'julia_p','6367c48dd193d56ea7b0baad25b194','julia_palm@gmail.com','Julia','Palm','1994-05-09','Julia Palm, plugger p친 h칬gskolan i jkpg. Gillar Falk칬ping och eventually-appen.','profilepics/woman2.jpg'),
	(3,'albin_j','6367c48dd193d56ea7b0baad25b194','albin_johansson@gmail.com','Albin','Johansson','1994-01-25','Albin Johansson, plugger p친 h칬gskolan i jkpg. Gillar Kelda och eventually-appen.','profilepics/man.jpg'),
	(5,'testuser','dc724af18fbdd4e59189f5fe768a5f','testing@blabla.com','Terry','Testicle','1990-02-12','I love fried chicken and electric blankets. I am classically trained in cello and clarinet.','profilepics/kim.jpg'),
	(8,'testy','testing','testing@testing.se','Testies','Tester','1992-09-09','Description','profilepics/man.jpg'),
	(9,'satsumagirl92','satsuma','satsuma@satsuma.se','Ellen','Brage','1992-09-11','Loves satsumas','profilepics/ellen.jpg'),
	(10,'ollon','ollon','ollon@ollon.se','','','0000-00-00','',''),
	(11,'tor','tor','tor@tor.se','','','0000-00-00','',''),
	(12,'Ollilollon','ollon','ollie@ollion.se','','','0000-00-00','',''),
	(13,'Ollilollon','ollon','ollie@ollion.se','','','0000-00-00','',''),
	(14,'Ollilollon','ollon','ollie@ollion.se','','','0000-00-00','',''),
	(15,'Ollilollon','ollon','ollie@ollion.se','','','0000-00-00','',''),
	(16,'tjolahopp','tjo','tjo@tjo.se','','','0000-00-00','',''),
	(17,'Ullul','ulu','ullu@ulu.se','','','0000-00-00','',''),
	(18,'Yyyl','yla','yl@ul.se','','','0000-00-00','',''),
	(19,'Yyyl','yla','yl@ul.se','','','0000-00-00','',''),
	(20,'Yyyl','yla','yl@ul.se','','','0000-00-00','',''),
	(21,'Yyyl','yla','yl@ul.se','','','0000-00-00','',''),
	(22,'ee','fewe','ellenbrage@outlook.com','','','0000-00-00','','');

/*!40000 ALTER TABLE `User` ENABLE KEYS */;
UNLOCK TABLES;



/*!40111 SET SQL_NOTES=@OLD_SQL_NOTES */;
/*!40101 SET SQL_MODE=@OLD_SQL_MODE */;
/*!40014 SET FOREIGN_KEY_CHECKS=@OLD_FOREIGN_KEY_CHECKS */;
/*!40101 SET CHARACTER_SET_CLIENT=@OLD_CHARACTER_SET_CLIENT */;
/*!40101 SET CHARACTER_SET_RESULTS=@OLD_CHARACTER_SET_RESULTS */;
/*!40101 SET COLLATION_CONNECTION=@OLD_COLLATION_CONNECTION */;
